,num_list,iter,CNI,beam_bps/Hz,beam_bps,user,beam_bps/man
0,"[[0], [1, 2], []]",9,9.000804004173057,2.3999751925093094,75981384.83007869,289726.0,262.25255872817314
