,freq_beam_list,iter,CNI,beam_bps/Hz,beam_bps,user
0,"[[1, 3, 5], [2, 4, 6], [0, 7]]",1,15.124924830280321,3.734421120518082,343582420.645149,304677.0
