,num_list,iter,CNI,bps/Hz,bps,user,bps/man
0,"[[0, 3, 6], [1, 4, 7], [2, 5]]",168,16.203367242082116,4.0,373325206.67476255,304677.0,1225.3146994186059
