,freq_beam_list,iter,CNI,beam_bps/Hz,beam_bps,user
0,"[[0, 3, 6], [1, 4, 7], [2, 5]]",609,15.863264166557121,3.895305261892797,363299764.01410496,304677.0
