,freq_beam_list,iter,CNI,beam_bps/Hz,beam_bps,user
0,"[[0, 3, 6], [1, 4, 7], [2, 5]]",0,15.877864208823825,3.898486611102711,362664898.02852905,304677.0
