,freq_beam_list,iter,CNI,beam_bps/Hz,beam_bps,user
0,"[[0, 3, 6], [1, 4, 7], [2, 5]]",1000,24.25135910512263,5.723071149006222,529046487.8521254,304677.0
