,freq_beam_list,iter,CNI,beam_bps/Hz,beam_bps,user
0,"[[0, 3, 6], [1, 4, 7], [2, 5]]",1,16.4090540338259,4.014232873970664,374542416.9305522,77602.0
