,freq_beam_list,iter,CNI,beam_bps/Hz,beam_bps,user
0,"[[1, 3, 5], [2, 4, 6], [0, 7]]",58,14.969300068134633,3.7005104848465367,340719091.3994684,304677.0
