,num_list,iter,CNI,beam_bps/Hz,beam_bps,user,beam_bps/man
0,"[[0], [1, 2], []]",122,12.04703984406688,3.0637499820221734,78367700.0109444,289726.0,270.48901379560135
