,num_list,iter,CNI,bps/Hz,bps,user,bps/man
0,"[[0, 3, 6], [1, 4, 7], [2, 5]]",41,15.734172421233488,3.5,355833333.3333333,304677.0,1167.9034956144812
