,num_list,iter,CNI,beam_bps/Hz,beam_bps,user,beam_bps/man
0,"[[0], [1, 2], []]",0,9.000804004173004,2.399975192509298,75981384.83007854,289726.0,262.25255872817263
