,num_list,iter,CNI,bps/Hz,bps,user,bps/man
0,"[[0, 3, 6], [1, 4, 7], [2, 5]]",2,15.894566031463258,4.0,357485582.7225226,304677.0,1173.3264497238802
