,freq_beam_list,iter,cni,beam_bps/Hz,beam_bps,user
0,"[[1, 3, 5], [2, 4, 6], [0, 7]]",100,14.969300068134604,3.7005104848465304,340719091.39946806,304677.0
