,num_list,iter,CNI,bps/Hz,bps,user,bps/man
0,"[[0, 3, 6], [1, 4, 7], [2, 5]]",2,15.85181107329137,4.0,357473552.3510837,304677.0,1173.286964067139
