,freq_beam_list,iter,CNI,beam_bps/Hz,beam_bps,user
0,"[[0, 3, 6], [1, 4, 7], [2, 5]]",1000,27.43687694144212,6.417195485540238,584809433.4919282,304677.0
