,num_list,iter,CNI,bps/Hz,bps,user,bps/man
0,"[[0, 3, 6], [1, 4, 7], [2, 5]]",1,15.86326416655712,4.0,355833333.3333333,304677.0,1167.9034956144812
