,freq_beam_list,iter,CNI,beam_bps/Hz,beam_bps,user
0,"[[0], [1, 2], []]",388,21.258019204966075,5.070822384762108,125635544.34722704,289726.0
