,freq_beam_list,iter,CNI,beam_bps/Hz,beam_bps,user
0,"[[0, 3, 6], [1, 4, 7], [2, 5]]",0,15.86326416655712,3.8953052618927964,363299764.01410484,304677.0
